{
	"credit": "Made with Blockbench",
	"texture_size": [32, 32],
	"textures": {
		"1": "irons_spellbooks:item/autoloader_crossbow_firework",
		"particle": "irons_spellbooks:item/autoloader_crossbow_firework"
	},
	"elements": [
		{
			"from": [4.05983, 11.025, 7.06],
			"to": [8.55983, 11.825, 8.06],
			"rotation": {"angle": 45, "axis": "z", "origin": [5.80983, 9.825, 7.06]},
			"faces": {
				"north": {"uv": [10, 9.5, 12.25, 10], "texture": "#1"},
				"east": {"uv": [13, 5, 13.5, 5.5], "texture": "#1"},
				"south": {"uv": [10.5, 2, 12.75, 2.5], "texture": "#1"},
				"west": {"uv": [13, 6.5, 13.5, 7], "texture": "#1"},
				"up": {"uv": [12.75, 3, 10.5, 2.5], "texture": "#1"},
				"down": {"uv": [12.75, 3, 10.5, 3.5], "texture": "#1"}
			}
		},
		{
			"from": [0.95983, 9.775, 7.16],
			"to": [3.15983, 10.375, 7.96],
			"rotation": {"angle": -22.5, "axis": "z", "origin": [2.70983, 8.375, 7.06]},
			"faces": {
				"north": {"uv": [13, 7, 14, 7.25], "texture": "#1"},
				"east": {"uv": [6, 13.5, 6.5, 13.75], "texture": "#1"},
				"south": {"uv": [13, 8, 14, 8.25], "texture": "#1"},
				"west": {"uv": [13.5, 6, 14, 6.25], "texture": "#1"},
				"up": {"uv": [13, 8.5, 12, 8], "texture": "#1"},
				"down": {"uv": [13.5, 0, 12.5, 0.5], "texture": "#1"}
			}
		},
		{
			"from": [7.54017, 11.025, 7.06],
			"to": [12.04017, 11.825, 8.06],
			"rotation": {"angle": -45, "axis": "z", "origin": [10.29017, 9.825, 7.06]},
			"faces": {
				"north": {"uv": [10.5, 3.5, 12.75, 4], "texture": "#1"},
				"east": {"uv": [13, 8.5, 13.5, 9], "texture": "#1"},
				"south": {"uv": [10.5, 4, 12.75, 4.5], "texture": "#1"},
				"west": {"uv": [9, 13, 9.5, 13.5], "texture": "#1"},
				"up": {"uv": [12.75, 5, 10.5, 4.5], "texture": "#1"},
				"down": {"uv": [12.75, 5, 10.5, 5.5], "texture": "#1"}
			}
		},
		{
			"from": [12.84017, 9.775, 7.16],
			"to": [15.04017, 10.375, 7.96],
			"rotation": {"angle": 22.5, "axis": "z", "origin": [13.29017, 8.375, 7.06]},
			"faces": {
				"north": {"uv": [13, 9, 14, 9.25], "texture": "#1"},
				"east": {"uv": [13.5, 6.5, 14, 6.75], "texture": "#1"},
				"south": {"uv": [13, 10, 14, 10.25], "texture": "#1"},
				"west": {"uv": [13.5, 8.5, 14, 8.75], "texture": "#1"},
				"up": {"uv": [13.5, 1, 12.5, 0.5], "texture": "#1"},
				"down": {"uv": [13.5, 1, 12.5, 1.5], "texture": "#1"}
			}
		},
		{
			"from": [3.40983, 10.725, 6.86],
			"to": [4.00983, 11.225, 6.86],
			"rotation": {"angle": 0, "axis": "y", "origin": [5.05983, 8.225, 6.56]},
			"faces": {
				"north": {"uv": [13.5, 13, 13.75, 13.25], "texture": "#1"},
				"east": {"uv": [0, 0, 0, 0.25], "texture": "#1"},
				"south": {"uv": [13.5, 13.5, 13.75, 13.75], "texture": "#1"},
				"west": {"uv": [0, 0, 0, 0.25], "texture": "#1"},
				"up": {"uv": [0.25, 0, 0, 0], "texture": "#1"},
				"down": {"uv": [0, 0, 0, 0.25], "texture": "#1"}
			}
		},
		{
			"from": [3.40983, 8.625, 6.86],
			"to": [4.00983, 9.125, 6.86],
			"rotation": {"angle": 0, "axis": "y", "origin": [5.05983, 6.125, 6.56]},
			"faces": {
				"north": {"uv": [13.5, 13, 13.75, 13.25], "texture": "#1"},
				"east": {"uv": [0, 0, 0, 0.25], "texture": "#1"},
				"south": {"uv": [13.5, 13.5, 13.75, 13.75], "texture": "#1"},
				"west": {"uv": [0, 0, 0, 0.25], "texture": "#1"},
				"up": {"uv": [0.25, 0, 0, 0], "texture": "#1"},
				"down": {"uv": [0, 0, 0, 0.25], "texture": "#1"}
			}
		},
		{
			"from": [2.35983, 9.575, 6.86],
			"to": [2.95983, 10.175, 6.86],
			"rotation": {"angle": 0, "axis": "y", "origin": [5.45983, 11.225, 6.56]},
			"faces": {
				"north": {"uv": [0, 14, 0.25, 14.25], "texture": "#1"},
				"east": {"uv": [0, 0, 0, 0.25], "texture": "#1"},
				"south": {"uv": [13.5, 13.5, 13.75, 13.75], "texture": "#1"},
				"west": {"uv": [0, 0, 0, 0.25], "texture": "#1"},
				"up": {"uv": [0.25, 0, 0, 0], "texture": "#1"},
				"down": {"uv": [0, 0, 0, 0.25], "texture": "#1"}
			}
		},
		{
			"from": [4.50983, 9.575, 6.86],
			"to": [5.10983, 10.175, 6.86],
			"rotation": {"angle": 0, "axis": "y", "origin": [7.60983, 11.225, 6.56]},
			"faces": {
				"north": {"uv": [0, 14, 0.25, 14.25], "texture": "#1"},
				"east": {"uv": [0, 0, 0, 0.25], "texture": "#1"},
				"south": {"uv": [13.5, 13.5, 13.75, 13.75], "texture": "#1"},
				"west": {"uv": [0, 0, 0, 0.25], "texture": "#1"},
				"up": {"uv": [0.25, 0, 0, 0], "texture": "#1"},
				"down": {"uv": [0, 0, 0, 0.25], "texture": "#1"}
			}
		},
		{
			"from": [2.90983, 9.125, 6.76],
			"to": [4.50983, 10.725, 6.96],
			"rotation": {"angle": 0, "axis": "y", "origin": [5.05983, 8.225, 6.56]},
			"faces": {
				"north": {"uv": [9, 12, 9.75, 12.75], "texture": "#1"},
				"east": {"uv": [13.5, 0, 13.75, 0.75], "texture": "#1"},
				"south": {"uv": [12, 10, 12.75, 10.75], "texture": "#1"},
				"west": {"uv": [13.5, 0, 13.75, 0.75], "texture": "#1"},
				"up": {"uv": [1.25, 13.75, 0.5, 13.5], "texture": "#1"},
				"down": {"uv": [14.25, 1, 13.5, 1.25], "texture": "#1"}
			}
		},
		{
			"from": [11.65983, 9.125, 6.76],
			"to": [13.25983, 10.725, 6.96],
			"rotation": {"angle": 0, "axis": "y", "origin": [13.80983, 8.225, 6.56]},
			"faces": {
				"north": {"uv": [11, 12, 11.75, 12.75], "texture": "#1"},
				"east": {"uv": [13.5, 0, 13.75, 0.75], "texture": "#1"},
				"south": {"uv": [12, 11, 12.75, 11.75], "texture": "#1"},
				"west": {"uv": [1.5, 13.5, 1.75, 14.25], "texture": "#1"},
				"up": {"uv": [2.75, 13.75, 2, 13.5], "texture": "#1"},
				"down": {"uv": [3.75, 13.5, 3, 13.75], "texture": "#1"}
			}
		},
		{
			"from": [12.15983, 10.725, 6.86],
			"to": [12.75983, 11.225, 6.86],
			"rotation": {"angle": 0, "axis": "y", "origin": [13.80983, 8.225, 6.56]},
			"faces": {
				"north": {"uv": [13.5, 13, 13.75, 13.25], "texture": "#1"},
				"east": {"uv": [0, 0, 0, 0.25], "texture": "#1"},
				"south": {"uv": [13.5, 13.5, 13.75, 13.75], "texture": "#1"},
				"west": {"uv": [0, 0, 0, 0.25], "texture": "#1"},
				"up": {"uv": [0.25, 0, 0, 0], "texture": "#1"},
				"down": {"uv": [0, 0, 0, 0.25], "texture": "#1"}
			}
		},
		{
			"from": [12.15983, 8.625, 6.86],
			"to": [12.75983, 9.125, 6.86],
			"rotation": {"angle": 0, "axis": "y", "origin": [13.80983, 6.125, 6.56]},
			"faces": {
				"north": {"uv": [13.5, 13, 13.75, 13.25], "texture": "#1"},
				"east": {"uv": [0, 0, 0, 0.25], "texture": "#1"},
				"south": {"uv": [13.5, 13.5, 13.75, 13.75], "texture": "#1"},
				"west": {"uv": [0, 0, 0, 0.25], "texture": "#1"},
				"up": {"uv": [0.25, 0, 0, 0], "texture": "#1"},
				"down": {"uv": [0, 0, 0, 0.25], "texture": "#1"}
			}
		},
		{
			"from": [11.10983, 9.575, 6.86],
			"to": [11.70983, 10.175, 6.86],
			"rotation": {"angle": 0, "axis": "y", "origin": [14.20983, 11.225, 6.56]},
			"faces": {
				"north": {"uv": [0, 14, 0.25, 14.25], "texture": "#1"},
				"east": {"uv": [0, 0, 0, 0.25], "texture": "#1"},
				"south": {"uv": [13.5, 13.5, 13.75, 13.75], "texture": "#1"},
				"west": {"uv": [0, 0, 0, 0.25], "texture": "#1"},
				"up": {"uv": [0.25, 0, 0, 0], "texture": "#1"},
				"down": {"uv": [0, 0, 0, 0.25], "texture": "#1"}
			}
		},
		{
			"from": [13.25983, 9.575, 6.86],
			"to": [13.85983, 10.175, 6.86],
			"rotation": {"angle": 0, "axis": "y", "origin": [16.35983, 11.225, 6.56]},
			"faces": {
				"north": {"uv": [0, 14, 0.25, 14.25], "texture": "#1"},
				"east": {"uv": [0, 0, 0, 0.25], "texture": "#1"},
				"south": {"uv": [13.5, 13.5, 13.75, 13.75], "texture": "#1"},
				"west": {"uv": [0, 0, 0, 0.25], "texture": "#1"},
				"up": {"uv": [0.25, 0, 0, 0], "texture": "#1"},
				"down": {"uv": [0, 0, 0, 0.25], "texture": "#1"}
			}
		},
		{
			"from": [7.94, 3.875, 6.21],
			"to": [8.14, 5.475, 7.81],
			"rotation": {"angle": 0, "axis": "y", "origin": [7.70983, 2.975, 5.66]},
			"faces": {
				"north": {"uv": [13.5, 0, 13.75, 0.75], "texture": "#1"},
				"east": {"uv": [12, 11, 12.75, 11.75], "texture": "#1"},
				"south": {"uv": [1.5, 13.5, 1.75, 14.25], "texture": "#1"},
				"west": {"uv": [11, 12, 11.75, 12.75], "texture": "#1"},
				"up": {"uv": [2.75, 13.75, 2, 13.5], "texture": "#1"},
				"down": {"uv": [3.75, 13.5, 3, 13.75], "texture": "#1"}
			}
		},
		{
			"from": [8.025, 5.475, 6.71],
			"to": [8.025, 5.975, 7.31],
			"rotation": {"angle": 0, "axis": "y", "origin": [7.70983, 2.975, 5.66]},
			"faces": {
				"north": {"uv": [0, 0, 0, 0.25], "texture": "#1"},
				"east": {"uv": [13.5, 13.5, 13.75, 13.75], "texture": "#1"},
				"south": {"uv": [0, 0, 0, 0.25], "texture": "#1"},
				"west": {"uv": [13.5, 13, 13.75, 13.25], "texture": "#1"},
				"up": {"uv": [0.25, 0, 0, 0], "texture": "#1"},
				"down": {"uv": [0, 0, 0, 0.25], "texture": "#1"}
			}
		},
		{
			"from": [8.025, 3.375, 6.71],
			"to": [8.025, 3.875, 7.31],
			"rotation": {"angle": 0, "axis": "y", "origin": [7.70983, 0.875, 5.66]},
			"faces": {
				"north": {"uv": [0, 0, 0, 0.25], "texture": "#1"},
				"east": {"uv": [13.5, 13.5, 13.75, 13.75], "texture": "#1"},
				"south": {"uv": [0, 0, 0, 0.25], "texture": "#1"},
				"west": {"uv": [13.5, 13, 13.75, 13.25], "texture": "#1"},
				"up": {"uv": [0.25, 0, 0, 0], "texture": "#1"},
				"down": {"uv": [0, 0, 0, 0.25], "texture": "#1"}
			}
		},
		{
			"from": [8.025, 4.325, 5.66],
			"to": [8.025, 4.925, 6.26],
			"rotation": {"angle": 0, "axis": "y", "origin": [7.70983, 5.975, 3.16]},
			"faces": {
				"north": {"uv": [0, 0, 0, 0.25], "texture": "#1"},
				"east": {"uv": [13.5, 13.5, 13.75, 13.75], "texture": "#1"},
				"south": {"uv": [0, 0, 0, 0.25], "texture": "#1"},
				"west": {"uv": [0, 14, 0.25, 14.25], "texture": "#1"},
				"up": {"uv": [0.25, 0, 0, 0], "texture": "#1"},
				"down": {"uv": [0, 0, 0, 0.25], "texture": "#1"}
			}
		},
		{
			"from": [8.025, 4.325, 7.81],
			"to": [8.025, 4.925, 8.41],
			"rotation": {"angle": 0, "axis": "y", "origin": [7.65983, 5.975, 5.31]},
			"faces": {
				"north": {"uv": [0, 0, 0, 0.25], "texture": "#1"},
				"east": {"uv": [13.5, 13.5, 13.75, 13.75], "texture": "#1"},
				"south": {"uv": [0, 0, 0, 0.25], "texture": "#1"},
				"west": {"uv": [0, 14, 0.25, 14.25], "texture": "#1"},
				"up": {"uv": [0.25, 0, 0, 0], "texture": "#1"},
				"down": {"uv": [0, 0, 0, 0.25], "texture": "#1"}
			}
		},
		{
			"from": [7.99, 10.775, 9.26],
			"to": [8.19, 12.375, 10.86],
			"rotation": {"angle": 0, "axis": "y", "origin": [7.80983, 9.875, 8.71]},
			"faces": {
				"north": {"uv": [13.5, 0, 13.75, 0.75], "texture": "#1"},
				"east": {"uv": [12, 11, 12.75, 11.75], "texture": "#1"},
				"south": {"uv": [1.5, 13.5, 1.75, 14.25], "texture": "#1"},
				"west": {"uv": [11, 12, 11.75, 12.75], "texture": "#1"},
				"up": {"uv": [2.75, 13.75, 2, 13.5], "texture": "#1"},
				"down": {"uv": [3.75, 13.5, 3, 13.75], "texture": "#1"}
			}
		},
		{
			"from": [8.1, 12.375, 9.76],
			"to": [8.1, 12.875, 10.36],
			"rotation": {"angle": 0, "axis": "y", "origin": [7.80983, 9.875, 8.71]},
			"faces": {
				"north": {"uv": [0, 0, 0, 0.25], "texture": "#1"},
				"east": {"uv": [13.5, 13.5, 13.75, 13.75], "texture": "#1"},
				"south": {"uv": [0, 0, 0, 0.25], "texture": "#1"},
				"west": {"uv": [13.5, 13, 13.75, 13.25], "texture": "#1"},
				"up": {"uv": [0.25, 0, 0, 0], "texture": "#1"},
				"down": {"uv": [0, 0, 0, 0.25], "texture": "#1"}
			}
		},
		{
			"from": [8.1, 10.275, 9.76],
			"to": [8.1, 10.775, 10.36],
			"rotation": {"angle": 0, "axis": "y", "origin": [7.80983, 7.775, 8.71]},
			"faces": {
				"north": {"uv": [0, 0, 0, 0.25], "texture": "#1"},
				"east": {"uv": [13.5, 13.5, 13.75, 13.75], "texture": "#1"},
				"south": {"uv": [0, 0, 0, 0.25], "texture": "#1"},
				"west": {"uv": [13.5, 13, 13.75, 13.25], "texture": "#1"},
				"up": {"uv": [0.25, 0, 0, 0], "texture": "#1"},
				"down": {"uv": [0, 0, 0, 0.25], "texture": "#1"}
			}
		},
		{
			"from": [8.1, 11.225, 8.71],
			"to": [8.1, 11.825, 9.31],
			"rotation": {"angle": 0, "axis": "y", "origin": [7.80983, 12.875, 6.21]},
			"faces": {
				"north": {"uv": [0, 0, 0, 0.25], "texture": "#1"},
				"east": {"uv": [13.5, 13.5, 13.75, 13.75], "texture": "#1"},
				"south": {"uv": [0, 0, 0, 0.25], "texture": "#1"},
				"west": {"uv": [0, 14, 0.25, 14.25], "texture": "#1"},
				"up": {"uv": [0.25, 0, 0, 0], "texture": "#1"},
				"down": {"uv": [0, 0, 0, 0.25], "texture": "#1"}
			}
		},
		{
			"from": [8.1, 11.225, 10.86],
			"to": [8.1, 11.825, 11.46],
			"rotation": {"angle": 0, "axis": "y", "origin": [7.75983, 12.875, 8.36]},
			"faces": {
				"north": {"uv": [0, 0, 0, 0.25], "texture": "#1"},
				"east": {"uv": [13.5, 13.5, 13.75, 13.75], "texture": "#1"},
				"south": {"uv": [0, 0, 0, 0.25], "texture": "#1"},
				"west": {"uv": [0, 14, 0.25, 14.25], "texture": "#1"},
				"up": {"uv": [0.25, 0, 0, 0], "texture": "#1"},
				"down": {"uv": [0, 0, 0, 0.25], "texture": "#1"}
			}
		},
		{
			"from": [7.04289, 5.275, 6.94],
			"to": [9.04289, 13.125, 8.79],
			"rotation": {"angle": 0, "axis": "y", "origin": [7.04289, -0.775, 6.71]},
			"faces": {
				"north": {"uv": [6.5, 0, 7.5, 4], "texture": "#1"},
				"east": {"uv": [6.5, 4, 7.5, 8], "texture": "#1"},
				"south": {"uv": [7.5, 0, 8.5, 4], "texture": "#1"},
				"west": {"uv": [7.5, 4, 8.5, 8], "texture": "#1"},
				"up": {"uv": [11.5, 6.5, 10.5, 5.5], "texture": "#1"},
				"down": {"uv": [11.5, 6.5, 10.5, 7.5], "texture": "#1"}
			}
		},
		{
			"from": [7.84289, 6.675, 6.9],
			"to": [8.24289, 14.425, 7.1],
			"rotation": {"angle": 0, "axis": "y", "origin": [7.04289, 0.625, 6.71]},
			"faces": {
				"north": {"uv": [10.5, 10, 10.75, 14], "texture": "#1"},
				"east": {"uv": [6.5, 4, 7.5, 8], "texture": "#1"},
				"south": {"uv": [7.5, 0, 8.5, 4], "texture": "#1"},
				"west": {"uv": [7.5, 4, 8.5, 8], "texture": "#1"},
				"up": {"uv": [11.5, 6.5, 10.5, 5.5], "texture": "#1"},
				"down": {"uv": [11.5, 6.5, 10.5, 7.5], "texture": "#1"}
			}
		},
		{
			"from": [7.94289, 11.125, 8.45],
			"to": [8.24289, 12.775, 10.25],
			"rotation": {"angle": -45, "axis": "x", "origin": [8.09289, 11.675, 9.75]},
			"faces": {
				"north": {"uv": [10.5, 10, 10.75, 14], "texture": "#1"},
				"east": {"uv": [6.5, 4, 7.5, 8], "texture": "#1"},
				"south": {"uv": [10.5, 10, 10.75, 14], "texture": "#1"},
				"west": {"uv": [7.5, 4, 8.5, 8], "texture": "#1"},
				"up": {"uv": [11.5, 6.5, 10.5, 5.5], "texture": "#1"},
				"down": {"uv": [9.75, 13, 9.5, 14], "texture": "#1"}
			}
		},
		{
			"from": [7.84289, 3.175, 6.9],
			"to": [8.24289, 6.175, 7.1],
			"rotation": {"angle": 0, "axis": "y", "origin": [7.04289, -7.625, 6.71]},
			"faces": {
				"north": {"uv": [10.5, 10, 10.75, 14], "texture": "#1"},
				"east": {"uv": [6.5, 4, 7.5, 8], "texture": "#1"},
				"south": {"uv": [7.5, 0, 8.5, 4], "texture": "#1"},
				"west": {"uv": [7.5, 4, 8.5, 8], "texture": "#1"},
				"up": {"uv": [11.5, 6.5, 10.5, 5.5], "texture": "#1"},
				"down": {"uv": [11.5, 6.5, 10.5, 7.5], "texture": "#1"}
			}
		},
		{
			"from": [7.29289, -0.775, 6.95],
			"to": [8.79289, 5.325, 8.05],
			"rotation": {"angle": 0, "axis": "y", "origin": [7.04289, -0.775, 6.71]},
			"faces": {
				"north": {"uv": [6, 8, 6.75, 11], "texture": "#1"},
				"east": {"uv": [8, 8.5, 8.5, 11.5], "texture": "#1"},
				"south": {"uv": [7, 8, 7.75, 11], "texture": "#1"},
				"west": {"uv": [8.5, 8.5, 9, 11.5], "texture": "#1"},
				"up": {"uv": [1.75, 13.5, 1, 13], "texture": "#1"},
				"down": {"uv": [2.75, 13, 2, 13.5], "texture": "#1"}
			}
		},
		{
			"from": [7.19289, 3.725, 5.94],
			"to": [8.89289, 6.975, 7.04],
			"rotation": {"angle": 22.5, "axis": "x", "origin": [7.04289, 0.975, 5.71]},
			"faces": {
				"north": {"uv": [1, 10.5, 1.75, 12], "texture": "#1"},
				"east": {"uv": [10, 11, 10.5, 12.5], "texture": "#1"},
				"south": {"uv": [2, 10.5, 2.75, 12], "texture": "#1"},
				"west": {"uv": [3, 12, 3.5, 13.5], "texture": "#1"},
				"up": {"uv": [13.75, 2.5, 13, 2], "texture": "#1"},
				"down": {"uv": [13.75, 2.5, 13, 3], "texture": "#1"}
			}
		},
		{
			"from": [7.99289, 2.475, 8.69],
			"to": [7.99289, 5.725, 9.59],
			"rotation": {"angle": 0, "axis": "y", "origin": [6.84289, -0.275, 8.46]},
			"faces": {
				"north": {"uv": [0, 0, 0, 1.5], "texture": "#1"},
				"east": {"uv": [3.5, 12, 4, 13.5], "texture": "#1"},
				"south": {"uv": [0, 0, 0, 1.5], "texture": "#1"},
				"west": {"uv": [6, 12, 6.5, 13.5], "texture": "#1"},
				"up": {"uv": [0, 0.5, 0, 0], "texture": "#1"},
				"down": {"uv": [0, 0, 0, 0.5], "texture": "#1"}
			}
		},
		{
			"from": [6.29289, 5.975, 6.96],
			"to": [9.79289, 7.975, 8.96],
			"rotation": {"angle": 0, "axis": "y", "origin": [7.04289, 5.975, 6.96]},
			"faces": {
				"north": {"uv": [8.5, 0.5, 10.25, 1.5], "texture": "#1"},
				"east": {"uv": [3, 11, 4, 12], "texture": "#1"},
				"south": {"uv": [8.5, 1.5, 10.25, 2.5], "texture": "#1"},
				"west": {"uv": [6, 11, 7, 12], "texture": "#1"},
				"up": {"uv": [10.25, 3.5, 8.5, 2.5], "texture": "#1"},
				"down": {"uv": [10.25, 3.5, 8.5, 4.5], "texture": "#1"}
			}
		},
		{
			"from": [7.14289, 6.475, 6.96],
			"to": [8.94289, 8.475, 9.46],
			"rotation": {"angle": 45, "axis": "x", "origin": [7.04289, 6.475, 6.96]},
			"faces": {
				"north": {"uv": [7, 11, 8, 12], "texture": "#1"},
				"east": {"uv": [0, 9.5, 1.25, 10.5], "texture": "#1"},
				"south": {"uv": [9, 11, 10, 12], "texture": "#1"},
				"west": {"uv": [1.5, 9.5, 2.75, 10.5], "texture": "#1"},
				"up": {"uv": [4, 10.75, 3, 9.5], "texture": "#1"},
				"down": {"uv": [10.5, 6.5, 9.5, 7.75], "texture": "#1"}
			}
		},
		{
			"from": [7.04289, 11.975, 7.21],
			"to": [9.04289, 13.975, 9.71],
			"rotation": {"angle": 45, "axis": "x", "origin": [7.04289, 11.975, 7.21]},
			"faces": {
				"north": {"uv": [11, 10, 12, 11], "texture": "#1"},
				"east": {"uv": [10, 8.5, 11.25, 9.5], "texture": "#1"},
				"south": {"uv": [11, 11, 12, 12], "texture": "#1"},
				"west": {"uv": [9, 10, 10.25, 11], "texture": "#1"},
				"up": {"uv": [1, 11.75, 0, 10.5], "texture": "#1"},
				"down": {"uv": [11.5, 0.5, 10.5, 1.75], "texture": "#1"}
			}
		},
		{
			"from": [6.29289, 10.225, 6.96],
			"to": [9.79289, 13.225, 8.96],
			"rotation": {"angle": 0, "axis": "y", "origin": [7.04289, 11.225, 6.96]},
			"faces": {
				"north": {"uv": [0, 8, 1.75, 9.5], "texture": "#1"},
				"east": {"uv": [8.5, 6.5, 9.5, 8], "texture": "#1"},
				"south": {"uv": [2, 8, 3.75, 9.5], "texture": "#1"},
				"west": {"uv": [9, 8.5, 10, 10], "texture": "#1"},
				"up": {"uv": [10.25, 5.5, 8.5, 4.5], "texture": "#1"},
				"down": {"uv": [10.25, 5.5, 8.5, 6.5], "texture": "#1"}
			}
		},
		{
			"from": [6.64289, 13.225, 6.91],
			"to": [8.64289, 15.225, 8.91],
			"rotation": {"angle": -45, "axis": "z", "origin": [6.64289, 13.225, 6.96]},
			"faces": {
				"north": {"uv": [11.5, 0.5, 12.5, 1.5], "texture": "#1"},
				"east": {"uv": [11.5, 5.5, 12.5, 6.5], "texture": "#1"},
				"south": {"uv": [11.5, 6.5, 12.5, 7.5], "texture": "#1"},
				"west": {"uv": [8, 11.5, 9, 12.5], "texture": "#1"},
				"up": {"uv": [12.5, 9.5, 11.5, 8.5], "texture": "#1"},
				"down": {"uv": [1, 12, 0, 13], "texture": "#1"}
			}
		},
		{
			"from": [6.89289, 13.975, 7.91],
			"to": [7.89289, 14.975, 9.41],
			"rotation": {"angle": -45, "axis": "z", "origin": [6.64289, 13.225, 7.96]},
			"faces": {
				"north": {"uv": [13, 10.5, 13.5, 11], "texture": "#1"},
				"east": {"uv": [13, 3, 13.75, 3.5], "texture": "#1"},
				"south": {"uv": [11, 13, 11.5, 13.5], "texture": "#1"},
				"west": {"uv": [13, 3.5, 13.75, 4], "texture": "#1"},
				"up": {"uv": [10.5, 13.25, 10, 12.5], "texture": "#1"},
				"down": {"uv": [4.5, 13, 4, 13.75], "texture": "#1"}
			}
		},
		{
			"from": [4.04289, 13.575, 6.96],
			"to": [12.04289, 13.875, 7.86],
			"rotation": {"angle": 0, "axis": "y", "origin": [6.29289, 11.875, 6.96]},
			"faces": {
				"north": {"uv": [10.5, 7.5, 14.5, 7.75], "texture": "#1"},
				"east": {"uv": [9, 13.5, 9.5, 13.75], "texture": "#1"},
				"south": {"uv": [11.5, 1.5, 15.5, 1.75], "texture": "#1"},
				"west": {"uv": [13.5, 9.5, 14, 9.75], "texture": "#1"},
				"up": {"uv": [12, 8.5, 8, 8], "texture": "#1"},
				"down": {"uv": [12.5, 0, 8.5, 0.5], "texture": "#1"}
			}
		},
		{
			"from": [1.175, 4.875, 6.85],
			"to": [14.275, 12.475, 6.85],
			"rotation": {"angle": 0, "axis": "y", "origin": [9.025, 8.225, 6.46]},
			"faces": {
				"north": {"uv": [0, 0, 6.5, 3.75], "texture": "#1"},
				"east": {"uv": [0, 0, 0, 3.75], "texture": "#1"},
				"south": {"uv": [0, 4, 6.5, 7.75], "texture": "#1"},
				"west": {"uv": [0, 0, 0, 3.75], "texture": "#1"},
				"up": {"uv": [6.5, 0, 0, 0], "texture": "#1"},
				"down": {"uv": [6.5, 0, 0, 0], "texture": "#1"}
			}
		},
		{
			"from": [7.1, 15.4, 7.25],
			"to": [9, 15.5, 8.4],
			"rotation": {"angle": 0, "axis": "y", "origin": [7, 13.5, 6.25]},
			"faces": {
				"north": {"uv": [13, 11, 14, 11.25], "texture": "#1"},
				"east": {"uv": [10, 13.5, 10.5, 13.75], "texture": "#1"},
				"south": {"uv": [13, 11.5, 14, 11.75], "texture": "#1"},
				"west": {"uv": [13.5, 10.5, 14, 10.75], "texture": "#1"},
				"up": {"uv": [13.5, 6, 12.5, 5.5], "texture": "#1"},
				"down": {"uv": [13.5, 6, 12.5, 6.5], "texture": "#1"}
			}
		},
		{
			"from": [7.1, 13.6, 7.25],
			"to": [7.2, 15.4, 8.4],
			"rotation": {"angle": 0, "axis": "y", "origin": [9.1, 13.4, 6.25]},
			"faces": {
				"north": {"uv": [11.5, 13, 11.75, 14], "texture": "#1"},
				"east": {"uv": [12.5, 6.5, 13, 7.5], "texture": "#1"},
				"south": {"uv": [12.5, 13, 12.75, 14], "texture": "#1"},
				"west": {"uv": [12.5, 8.5, 13, 9.5], "texture": "#1"},
				"up": {"uv": [11.25, 14, 11, 13.5], "texture": "#1"},
				"down": {"uv": [13.75, 12, 13.5, 12.5], "texture": "#1"}
			}
		},
		{
			"from": [8.9, 13.7, 7.25],
			"to": [9, 15.4, 8.4],
			"rotation": {"angle": 0, "axis": "y", "origin": [10.9, 13.4, 6.25]},
			"faces": {
				"north": {"uv": [13.5, 4, 13.75, 4.75], "texture": "#1"},
				"east": {"uv": [13, 4, 13.5, 4.75], "texture": "#1"},
				"south": {"uv": [13.5, 5, 13.75, 5.75], "texture": "#1"},
				"west": {"uv": [4.5, 13, 5, 13.75], "texture": "#1"},
				"up": {"uv": [13.75, 13, 13.5, 12.5], "texture": "#1"},
				"down": {"uv": [13.25, 13.5, 13, 14], "texture": "#1"}
			}
		},
		{
			"from": [8.04, 5.5, 3.76],
			"to": [8.04, 9.8, 5.78],
			"rotation": {"angle": 0, "axis": "x", "origin": [8.04, 11.025, 5.345]},
			"faces": {
				"north": {"uv": [6.75, 12, 7, 14.25], "texture": "#1"},
				"east": {"uv": [6, 7.75, 4.25, 10.5], "texture": "#1"},
				"south": {"uv": [6.75, 12, 7, 14.25], "texture": "#1"},
				"west": {"uv": [4.25, 7.75, 6, 10.5], "texture": "#1"},
				"up": {"uv": [5.5, 14, 5.25, 13], "texture": "#1"},
				"down": {"uv": [6, 13, 5.75, 14], "texture": "#1"}
			}
		},
		{
			"from": [7.88, 14.2, 5.76],
			"to": [8.2, 14.6, 6.08],
			"rotation": {"angle": 0, "axis": "x", "origin": [8.04, 11.025, 5.345]},
			"faces": {
				"north": {"uv": [14, 0, 14.25, 0.25], "texture": "#1"},
				"east": {"uv": [0.5, 14, 0.75, 14.25], "texture": "#1"},
				"south": {"uv": [14, 0.5, 14.25, 0.75], "texture": "#1"},
				"west": {"uv": [1, 14, 1.25, 14.25], "texture": "#1"},
				"up": {"uv": [2.25, 14.25, 2, 14], "texture": "#1"},
				"down": {"uv": [14.25, 2, 14, 2.25], "texture": "#1"}
			}
		},
		{
			"from": [7.08, 13, 4.96],
			"to": [9, 13.8, 6.88],
			"rotation": {"angle": 0, "axis": "x", "origin": [8.04, 11.025, 5.345]},
			"faces": {
				"north": {"uv": [12.25, 12.5, 13.5, 13], "texture": "#1"},
				"east": {"uv": [12.25, 12, 13.5, 12.5], "texture": "#1"},
				"south": {"uv": [12.25, 12.5, 13.5, 13], "texture": "#1"},
				"west": {"uv": [12.25, 12, 13.5, 12.5], "texture": "#1"},
				"up": {"uv": [2, 13, 1, 12], "texture": "#1"},
				"down": {"uv": [3, 12, 2, 13], "texture": "#1"}
			}
		},
		{
			"from": [7.98, 5.5, 5.76],
			"to": [8.1, 9.8, 5.98],
			"rotation": {"angle": 0, "axis": "x", "origin": [8.04, 11.025, 5.345]},
			"faces": {
				"north": {"uv": [7.5, 12, 7.75, 14.25], "texture": "#1"},
				"east": {"uv": [12, 12, 12.25, 14.25], "texture": "#1"},
				"south": {"uv": [8, 12.5, 8.25, 14.75], "texture": "#1"},
				"west": {"uv": [8.5, 12.5, 8.75, 14.75], "texture": "#1"},
				"up": {"uv": [2.75, 14.25, 2.5, 14], "texture": "#1"},
				"down": {"uv": [14.25, 2.5, 14, 2.75], "texture": "#1"}
			}
		},
		{
			"from": [7.48, 9.8, 5.36],
			"to": [8.6, 14.2, 6.48],
			"rotation": {"angle": 0, "axis": "x", "origin": [8.04, 11.025, 5.345]},
			"faces": {
				"north": {"uv": [4, 10.5, 4.75, 13], "texture": "#1"},
				"east": {"uv": [4.75, 10.5, 5.5, 13], "texture": "#1"},
				"south": {"uv": [4, 10.5, 4.75, 13], "texture": "#1"},
				"west": {"uv": [4.75, 10.5, 5.5, 13], "texture": "#1"},
				"up": {"uv": [13.5, 13.5, 13, 13], "texture": "#1"},
				"down": {"uv": [0.5, 13.5, 0, 14], "texture": "#1"}
			}
		}
	],
	"display": {
		"thirdperson_righthand": {
			"rotation": [-89, 180, 0],
			"translation": [0, 0, -2]
		},
		"thirdperson_lefthand": {
			"rotation": [-89, 180, 0],
			"translation": [0, 0, -2]
		},
		"firstperson_righthand": {
			"rotation": [92.04, 2.59, -179.98],
			"translation": [2.75, 0.75, -2]
		},
		"firstperson_lefthand": {
			"rotation": [91, 8.5, 179.86],
			"translation": [2.75, 0, -2]
		},
		"ground": {
			"translation": [0, 4.75, 0]
		},
		"gui": {
			"rotation": [0, 180, -46],
			"translation": [-0.5, 0.5, 0],
			"scale": [1.18945, 1.18945, 1.18945]
		},
		"head": {
			"translation": [0, 5, 0]
		},
		"fixed": {
			"rotation": [0, 0, -46],
			"translation": [0.75, 1, 0],
			"scale": [1.29297, 1.29297, 1.29297]
		}
	},
	"groups": [
		{
			"name": "arco",
			"origin": [13.36517, 8.375, 6.76],
			"color": 0,
			"children": [0, 1, 2, 3]
		},
		{
			"name": "engrenagem",
			"origin": [5.13483, 8.225, 6.26],
			"color": 0,
			"children": [
				{
					"name": "engrenagem",
					"origin": [7.60983, 11.225, 6.56],
					"color": 0,
					"children": [4, 5, 6, 7, 8]
				},
				{
					"name": "engrenagem",
					"origin": [7.60983, 11.225, 6.56],
					"color": 0,
					"children": [9, 10, 11, 12, 13]
				},
				{
					"name": "engrenagem",
					"origin": [7.60983, 11.225, 6.56],
					"color": 0,
					"children": [14, 15, 16, 17, 18]
				},
				{
					"name": "engrenagem",
					"origin": [7.60983, 11.225, 6.56],
					"color": 0,
					"children": [19, 20, 21, 22, 23]
				}
			]
		},
		{
			"name": "besta",
			"origin": [13.36517, 8.375, 6.76],
			"color": 0,
			"children": [24, 25, 26, 27, 28, 29, 30, 31, 32, 33, 34, 35, 36, 37]
		},
		38,
		39,
		40,
		41,
		{
			"name": "group",
			"origin": [7.2, 9, 4.88],
			"color": 0,
			"children": [42, 43, 44, 45, 46]
		}
	]
}