{
	"credit": "Made with Blockbench",
	"textures": {
		"1": "irons_spellbooks:item/decrepit_scythe"
	},
	"elements": [
		{
			"from": [7.5, -6.69185, 7.62598],
			"to": [8.5, 11.80815, 8.62598],
			"rotation": {"angle": 0, "axis": "x", "origin": [7.995, 5.22837, 8]},
			"faces": {
				"north": {"uv": [3.5, 0, 4, 9.25], "texture": "#1"},
				"east": {"uv": [0, 4, 0.5, 13.25], "texture": "#1"},
				"south": {"uv": [4, 0, 4.5, 9.25], "texture": "#1"},
				"west": {"uv": [0.5, 4, 1, 13.25], "texture": "#1"},
				"up": {"uv": [8.5, 7, 8, 6.5], "texture": "#1"},
				"down": {"uv": [9, 6.5, 8.5, 7], "texture": "#1"}
			}
		},
		{
			"from": [7.4, 10.30815, 7.52598],
			"to": [8.6, 11.90815, 8.72598],
			"rotation": {"angle": 0, "axis": "x", "origin": [7.995, 5.22837, 8]},
			"faces": {
				"north": {"uv": [10.5, 10.5, 11, 11.25], "texture": "#1"},
				"east": {"uv": [11, 0, 11.5, 0.75], "texture": "#1"},
				"south": {"uv": [11, 1, 11.5, 1.75], "texture": "#1"},
				"west": {"uv": [11, 2, 11.5, 2.75], "texture": "#1"},
				"up": {"uv": [11.5, 9.5, 11, 9], "texture": "#1"},
				"down": {"uv": [11.5, 9.5, 11, 10], "texture": "#1"}
			}
		},
		{
			"from": [7.4, -2.16, 4.50026],
			"to": [8.6, -1.56, 5.90026],
			"rotation": {"angle": -22.5, "axis": "x", "origin": [7.995, 5.22837, 8]},
			"faces": {
				"north": {"uv": [12.75, 10.75, 13.5, 11], "texture": "#1"},
				"east": {"uv": [11.75, 10.75, 12.5, 11], "texture": "#1"},
				"south": {"uv": [15.5, 10.75, 14.75, 11], "texture": "#1"},
				"west": {"uv": [13.75, 10.75, 14.5, 11], "texture": "#1"},
				"up": {"uv": [13.75, 10.75, 12.75, 9.75], "texture": "#1"},
				"down": {"uv": [14.75, 9.75, 13.75, 10.75], "texture": "#1"}
			}
		},
		{
			"from": [7.4, 4.40358, 7.65373],
			"to": [8.6, 5.00358, 9.05373],
			"rotation": {"angle": 22.5, "axis": "x", "origin": [7.995, 5.22837, 8]},
			"faces": {
				"north": {"uv": [12.75, 10.75, 13.5, 11], "texture": "#1"},
				"east": {"uv": [11.75, 10.75, 12.5, 11], "texture": "#1"},
				"south": {"uv": [15.5, 10.75, 14.75, 11], "texture": "#1"},
				"west": {"uv": [13.75, 10.75, 14.5, 11], "texture": "#1"},
				"up": {"uv": [13.75, 10.75, 12.75, 9.75], "texture": "#1"},
				"down": {"uv": [14.75, 9.75, 13.75, 10.75], "texture": "#1"}
			}
		},
		{
			"from": [7.4, 3.38328, 6.79636],
			"to": [8.6, 3.98328, 8.19636],
			"rotation": {"angle": -22.5, "axis": "x", "origin": [7.995, 5.22837, 8]},
			"faces": {
				"north": {"uv": [13.5, 10.75, 12.75, 11], "texture": "#1"},
				"east": {"uv": [11.75, 10.75, 12.5, 11], "texture": "#1"},
				"south": {"uv": [14.75, 10.75, 15.5, 11], "texture": "#1"},
				"west": {"uv": [13.75, 10.75, 14.5, 11], "texture": "#1"},
				"up": {"uv": [13.75, 10.75, 12.75, 9.75], "texture": "#1"},
				"down": {"uv": [14.75, 9.75, 13.75, 10.75], "texture": "#1"}
			}
		},
		{
			"from": [8, -9.79185, 7.52598],
			"to": [8, -6.19185, 10.72598],
			"rotation": {"angle": 0, "axis": "x", "origin": [7.995, 5.22837, 8]},
			"faces": {
				"north": {"uv": [10.5, 8.5, 11, 9.25], "texture": "#1"},
				"east": {"uv": [11.25, 11.75, 10, 13], "texture": "#1"},
				"south": {"uv": [10.5, 9.5, 11, 10.25], "texture": "#1"},
				"west": {"uv": [10, 11.75, 11.25, 13], "texture": "#1"},
				"up": {"uv": [11.5, 8.5, 11, 8], "texture": "#1"},
				"down": {"uv": [11.5, 8.5, 11, 9], "texture": "#1"}
			}
		},
		{
			"from": [7.6, 5.84516, 3.55271],
			"to": [8.4, 6.84516, 7.85271],
			"rotation": {"angle": 22.5, "axis": "x", "origin": [7.995, 5.22837, 8]},
			"faces": {
				"north": {"uv": [11, 7, 11.5, 7.5], "texture": "#1"},
				"east": {"uv": [7.5, 4, 9.75, 4.5], "texture": "#1"},
				"south": {"uv": [11, 7.5, 11.5, 8], "texture": "#1"},
				"west": {"uv": [7.5, 7, 9.75, 7.5], "texture": "#1"},
				"up": {"uv": [3, 8.75, 2.5, 6.5], "texture": "#1"},
				"down": {"uv": [6, 7.5, 5.5, 9.75], "texture": "#1"}
			}
		},
		{
			"from": [7.6, 9.38214, 12.36092],
			"to": [8.4, 10.18214, 20.26092],
			"rotation": {"angle": -45, "axis": "x", "origin": [7.995, 5.22837, 8]},
			"faces": {
				"north": {"uv": [9.5, 1, 10, 1.5], "texture": "#1"},
				"east": {"uv": [6, 4.5, 10, 5], "texture": "#1"},
				"south": {"uv": [9.5, 6.5, 10, 7], "texture": "#1"},
				"west": {"uv": [6, 5, 10, 5.5], "texture": "#1"},
				"up": {"uv": [3.5, 8, 3, 4], "texture": "#1"},
				"down": {"uv": [6.5, 5.5, 6, 9.5], "texture": "#1"}
			}
		},
		{
			"from": [7.7, 17.45979, 4.44025],
			"to": [8.3, 18.30979, 8.19025],
			"rotation": {"angle": 22.5, "axis": "x", "origin": [7.995, 5.22837, 8]},
			"faces": {
				"north": {"uv": [3.25, 12, 3, 11.5], "rotation": 180, "texture": "#1"},
				"east": {"uv": [7.5, 7.5, 8, 9.5], "rotation": 90, "texture": "#1"},
				"south": {"uv": [11.75, 3, 11.5, 3.5], "texture": "#1"},
				"west": {"uv": [1, 8, 1.5, 10], "rotation": 270, "texture": "#1"},
				"up": {"uv": [6, 9.5, 6.25, 11.5], "texture": "#1"},
				"down": {"uv": [4, 9.5, 4.25, 11.5], "rotation": 180, "texture": "#1"}
			}
		},
		{
			"from": [7.9, 6.0631, 17.50155],
			"to": [8.1, 9.1631, 19.65155],
			"rotation": {"angle": -45, "axis": "x", "origin": [7.995, 5.22837, 8]},
			"faces": {
				"north": {"uv": [5.5, 10, 5.75, 11.5], "texture": "#1"},
				"east": {"uv": [8.5, 0, 7.5, 1.5], "texture": "#1"},
				"south": {"uv": [10, 6, 10.25, 7.5], "texture": "#1"},
				"west": {"uv": [7.5, 0, 8.5, 1.5], "texture": "#1"},
				"up": {"uv": [11.25, 4, 11, 3], "texture": "#1"},
				"down": {"uv": [3.75, 11, 3.5, 12], "texture": "#1"}
			}
		},
		{
			"from": [7.5, 8.15867, 17.96107],
			"to": [8.5, 10.40867, 19.16107],
			"rotation": {"angle": -45, "axis": "x", "origin": [7.995, 5.22837, 8]},
			"faces": {
				"north": {"uv": [9, 2.5, 9.5, 3.75], "texture": "#1"},
				"east": {"uv": [9, 9, 8.5, 10.25], "texture": "#1"},
				"south": {"uv": [8, 9, 8.5, 10.25], "texture": "#1"},
				"west": {"uv": [8.5, 9, 9, 10.25], "texture": "#1"},
				"up": {"uv": [11.5, 6.5, 11, 6], "texture": "#1"},
				"down": {"uv": [11.5, 6.5, 11, 7], "texture": "#1"}
			}
		},
		{
			"from": [7.85, 15.02191, 2.81505],
			"to": [8.15, 18.42191, 9.66505],
			"rotation": {"angle": 0, "axis": "x", "origin": [7.995, 5.22837, 8]},
			"faces": {
				"north": {"uv": [1, 10, 1.25, 11.75], "texture": "#1"},
				"east": {"uv": [3.5, 2, 0, 3.75], "texture": "#1"},
				"south": {"uv": [10, 1, 10.25, 2.75], "texture": "#1"},
				"west": {"uv": [0, 2, 3.5, 3.75], "texture": "#1"},
				"up": {"uv": [3.25, 11.5, 3, 8], "texture": "#1"},
				"down": {"uv": [6.75, 8.5, 6.5, 12], "texture": "#1"}
			}
		},
		{
			"from": [7.55, 15.77191, 7.81505],
			"to": [8.45, 17.67191, 9.91505],
			"rotation": {"angle": 0, "axis": "x", "origin": [7.995, 5.22837, 8]},
			"faces": {
				"north": {"uv": [7.5, 9.5, 8, 10.5], "texture": "#1"},
				"east": {"uv": [9, 5.5, 8, 6.5], "texture": "#1"},
				"south": {"uv": [9.5, 7.5, 10, 8.5], "texture": "#1"},
				"west": {"uv": [8, 5.5, 9, 6.5], "texture": "#1"},
				"up": {"uv": [10, 9.5, 9.5, 8.5], "texture": "#1"},
				"down": {"uv": [10, 9.5, 9.5, 10.5], "texture": "#1"}
			}
		},
		{
			"from": [7.89, 16.42316, 2.28222],
			"to": [8.09, 19.32316, 8.38222],
			"rotation": {"angle": -22.5, "axis": "x", "origin": [7.995, 5.22837, 8]},
			"faces": {
				"north": {"uv": [9, 10, 9.25, 11.5], "texture": "#1"},
				"east": {"uv": [7.5, 1.5, 4.5, 3], "texture": "#1"},
				"south": {"uv": [10, 9, 10.25, 10.5], "texture": "#1"},
				"west": {"uv": [4.5, 1.5, 7.5, 3], "texture": "#1"},
				"up": {"uv": [1.75, 12, 1.5, 9], "texture": "#1"},
				"down": {"uv": [2.25, 9, 2, 12], "texture": "#1"}
			}
		},
		{
			"from": [7.95, 6.07033, -6.0313],
			"to": [8.05, 11.17033, -4.1313],
			"rotation": {"angle": 22.5, "axis": "x", "origin": [7.995, 5.22837, 8]},
			"faces": {
				"north": {"uv": [5, 9, 5.25, 11.5], "texture": "#1"},
				"east": {"uv": [3, 4, 2, 6.5], "texture": "#1"},
				"south": {"uv": [9, 7.5, 9.25, 10], "texture": "#1"},
				"west": {"uv": [2, 4, 3, 6.5], "texture": "#1"},
				"up": {"uv": [11.25, 5, 11, 4], "texture": "#1"},
				"down": {"uv": [11.25, 5, 11, 6], "texture": "#1"}
			}
		},
		{
			"from": [8, 8.81582, -4.59326],
			"to": [8, 11.41582, -3.19326],
			"rotation": {"angle": 0, "axis": "x", "origin": [7.995, 5.22837, 8]},
			"faces": {
				"north": {"uv": [0, 0, 0, 1.25], "texture": "#1"},
				"east": {"uv": [9.25, 0, 8.5, 1.25], "texture": "#1"},
				"south": {"uv": [0, 0, 0, 1.25], "texture": "#1"},
				"west": {"uv": [8.5, 0, 9.25, 1.25], "texture": "#1"},
				"up": {"uv": [0, 0.5, 0, 0], "texture": "#1"},
				"down": {"uv": [0, 0, 0, 0.5], "texture": "#1"}
			}
		},
		{
			"from": [7.95, 11.16075, 14.07129],
			"to": [8.05, 14.01075, 15.57129],
			"rotation": {"angle": 0, "axis": "x", "origin": [7.995, 5.22837, 8]},
			"faces": {
				"north": {"uv": [7, 10, 7.25, 11.5], "texture": "#1"},
				"east": {"uv": [5.25, 7.5, 4.5, 9], "texture": "#1"},
				"south": {"uv": [10, 7.5, 10.25, 9], "texture": "#1"},
				"west": {"uv": [4.5, 7.5, 5.25, 9], "texture": "#1"},
				"up": {"uv": [11.25, 10.75, 11, 10], "texture": "#1"},
				"down": {"uv": [11.25, 11, 11, 11.75], "texture": "#1"}
			}
		},
		{
			"from": [8, 11.75655, 11.36852],
			"to": [8, 13.60655, 12.36852],
			"rotation": {"angle": 22.5, "axis": "x", "origin": [7.995, 5.22837, 8]},
			"faces": {
				"north": {"uv": [0, 0, 0, 1], "texture": "#1"},
				"east": {"uv": [10, 5.5, 9.5, 6.5], "texture": "#1"},
				"south": {"uv": [0, 0, 0, 1], "texture": "#1"},
				"west": {"uv": [9.5, 5.5, 10, 6.5], "texture": "#1"},
				"up": {"uv": [0, 0.5, 0, 0], "texture": "#1"},
				"down": {"uv": [0, 0, 0, 0.5], "texture": "#1"}
			}
		},
		{
			"from": [7.7, 14.50977, 4.12765],
			"to": [8.3, 15.55977, 7.12765],
			"rotation": {"angle": 22.5, "axis": "x", "origin": [7.995, 5.22837, 8]},
			"faces": {
				"north": {"uv": [11.75, 4, 11.5, 3.5], "rotation": 180, "texture": "#1"},
				"east": {"uv": [8.5, 2.5, 9, 4], "rotation": 90, "texture": "#1"},
				"south": {"uv": [4.25, 11.5, 4, 12], "texture": "#1"},
				"west": {"uv": [7, 8.5, 7.5, 10], "rotation": 270, "texture": "#1"},
				"up": {"uv": [10, 4.5, 10.25, 6], "texture": "#1"},
				"down": {"uv": [10, 3, 10.25, 4.5], "rotation": 180, "texture": "#1"}
			}
		},
		{
			"from": [7.8, 13.6065, 3.88916],
			"to": [8.2, 18.6065, 4.73916],
			"rotation": {"angle": 22.5, "axis": "x", "origin": [7.995, 5.22837, 8]},
			"faces": {
				"north": {"uv": [2.75, 11.5, 2.5, 9], "rotation": 180, "texture": "#1"},
				"east": {"uv": [7.5, 1.5, 10, 2], "rotation": 90, "texture": "#1"},
				"south": {"uv": [4.75, 9, 4.5, 11.5], "texture": "#1"},
				"west": {"uv": [7.5, 2, 10, 2.5], "rotation": 270, "texture": "#1"},
				"up": {"uv": [4.5, 11.5, 4.75, 12], "texture": "#1"},
				"down": {"uv": [11.5, 4, 11.75, 4.5], "rotation": 180, "texture": "#1"}
			}
		}
	],
	"display": {
		"thirdperson_righthand": {
			"translation": [-0.5, 4.75, 1],
			"scale": [1.32, 1.32, 1.32]
		},
		"thirdperson_lefthand": {
			"translation": [-0.5, 4.75, 1],
			"scale": [1.32, 1.32, 1.32]
		},
		"firstperson_righthand": {
			"rotation": [-48, 0, 0],
			"translation": [5, 0.5, 0]
		},
		"firstperson_lefthand": {
			"rotation": [-48, 0, 0],
			"translation": [5, 0.5, 0]
		},
		"ground": {
			"translation": [0, 8, 0],
			"scale": [0.59, 0.59, 0.59]
		},
		"gui": {
			"rotation": [90, 39.75, -90],
			"translation": [0.75, -0.5, -0.25],
			"scale": [0.74, 0.74, 0.74]
		},
		"head": {
			"rotation": [-84.75, 0, 0],
			"translation": [0, 13, 6]
		},
		"fixed": {
			"rotation": [90, -48.75, 90],
			"translation": [0, 1.75, -0.25]
		}
	}
}