{
	"credit": "Made with Blockbench",
	"textures": {
		"1": "irons_spellbooks:item/pyrium_staff_haft",
		"particle": "irons_spellbooks:item/pyrium_staff_haft"
	},
	"elements": [
		{
			"from": [12, 0.5, 7.5],
			"to": [17.5, 1.5, 8.5],
			"rotation": {"angle": 45, "axis": "z", "origin": [1, 1, 8]},
			"faces": {
				"north": {"uv": [0, 0, 5.5, 1], "texture": "#1"},
				"east": {"uv": [8, 5, 9, 6], "texture": "#1"},
				"south": {"uv": [0, 1, 5.5, 2], "texture": "#1"},
				"west": {"uv": [6, 8, 7, 9], "texture": "#1"},
				"up": {"uv": [5.5, 3, 0, 2], "texture": "#1"},
				"down": {"uv": [5.5, 3, 0, 4], "texture": "#1"}
			}
		},
		{
			"from": [2, 0.5, 7.5],
			"to": [7.6, 1.5, 8.5],
			"rotation": {"angle": 45, "axis": "z", "origin": [1, 1, 8]},
			"faces": {
				"north": {"uv": [0, 4, 5.5, 5], "texture": "#1"},
				"east": {"uv": [0, 9, 1, 10], "texture": "#1"},
				"south": {"uv": [0, 5, 5.5, 6], "texture": "#1"},
				"west": {"uv": [1, 9, 2, 10], "texture": "#1"},
				"up": {"uv": [5.5, 7, 0, 6], "texture": "#1"},
				"down": {"uv": [11.5, 0, 6, 1], "texture": "#1"}
			}
		},
		{
			"from": [16, 0.4, 7.4],
			"to": [17.6, 1.6, 8.6],
			"rotation": {"angle": 45, "axis": "z", "origin": [1, 1, 8]},
			"faces": {
				"north": {"uv": [4, 7, 5.5, 8], "texture": "#1"},
				"east": {"uv": [8, 6, 9, 7], "texture": "#1"},
				"south": {"uv": [6, 7, 7.5, 8], "texture": "#1"},
				"west": {"uv": [7, 8, 8, 9], "texture": "#1"},
				"up": {"uv": [1.5, 9, 0, 8], "texture": "#1"},
				"down": {"uv": [3.5, 8, 2, 9], "texture": "#1"}
			}
		},
		{
			"from": [7.5, 0.4, 7.4],
			"to": [12.6, 1.6, 8.6],
			"rotation": {"angle": 45, "axis": "z", "origin": [1, 1, 8]},
			"faces": {
				"north": {"uv": [6, 1, 11, 2], "texture": "#1"},
				"east": {"uv": [4, 8, 5, 9], "texture": "#1"},
				"south": {"uv": [6, 2, 11, 3], "texture": "#1"},
				"west": {"uv": [5, 8, 6, 9], "texture": "#1"},
				"up": {"uv": [11, 4, 6, 3], "texture": "#1"},
				"down": {"uv": [11, 4, 6, 5], "texture": "#1"}
			}
		},
		{
			"from": [0.5, 0.4, 7.4],
			"to": [2.6, 1.6, 8.6],
			"rotation": {"angle": 45, "axis": "z", "origin": [1, 1, 8]},
			"faces": {
				"north": {"uv": [6, 5, 8, 6], "texture": "#1"},
				"east": {"uv": [8, 7, 9, 8], "texture": "#1"},
				"south": {"uv": [6, 6, 8, 7], "texture": "#1"},
				"west": {"uv": [8, 8, 9, 9], "texture": "#1"},
				"up": {"uv": [2, 8, 0, 7], "texture": "#1"},
				"down": {"uv": [4, 7, 2, 8], "texture": "#1"}
			}
		},
		{
			"from": [-0.0364, -0.0364, 7.5],
			"to": [0.9636, 0.9636, 8.5],
			"rotation": {"angle": 0, "axis": "z", "origin": [0.4636, 0.4636, 8]},
			"faces": {
				"north": {"uv": [2, 9, 3, 10], "texture": "#1"},
				"east": {"uv": [3, 9, 4, 10], "texture": "#1"},
				"south": {"uv": [4, 9, 5, 10], "texture": "#1"},
				"west": {"uv": [5, 9, 6, 10], "texture": "#1"},
				"up": {"uv": [10, 6, 9, 5], "texture": "#1"},
				"down": {"uv": [7, 9, 6, 10], "texture": "#1"}
			}
		}
	],
	"display": {
		"thirdperson_righthand": {
			"rotation": [0, 90, 45],
			"translation": [0, -1, 2],
			"scale": [1.7, 1.7, 0.85]
		},
		"thirdperson_lefthand": {
			"rotation": [0, 90, -45],
			"translation": [0, -1, 2],
			"scale": [1.7, 1.7, 0.85]
		},
		"firstperson_righthand": {
			"rotation": [0, -90, 25],
			"translation": [1.13, 0, 1.13],
			"scale": [1.7, 1.7, 0.85]
		},
		"firstperson_lefthand": {
			"rotation": [0, 90, -25],
			"translation": [1.13, 0, 1.13],
			"scale": [1.7, 1.7, 0.85]
		},
		"ground": {
			"translation": [0, 2, 0],
			"scale": [1, 1, 0.5]
		},
		"gui": {
			"scale": [2, 2, 1]
		},
		"fixed": {
			"rotation": [0, 180, 0],
			"scale": [2, 2, 1]
		}
	}
}