{
	"credit": "Made with Blockbench",
	"texture_size": [64, 64],
	"textures": {
		"1": "irons_spellbooks:item/scroll_ender"
	},
	"elements": [
		{
			"from": [3, -0.1112, 8.24672],
			"to": [13, 7.8888, 8.24672],
			"rotation": {"angle": 22.5, "axis": "x", "origin": [8, 3.8088, 8.19672]},
			"faces": {
				"north": {"uv": [2.5, 0, 5, 2], "texture": "#1"},
				"east": {"uv": [0, 0, 0, 2], "texture": "#1"},
				"south": {"uv": [2.5, 2, 5, 4], "texture": "#1"},
				"west": {"uv": [0, 0, 0, 2], "texture": "#1"},
				"up": {"uv": [2.5, 0, 0, 0], "texture": "#1"},
				"down": {"uv": [2.5, 0, 0, 0], "texture": "#1"}
			}
		},
		{
			"from": [3, 7.5088, 9.79672],
			"to": [13, 15.5088, 9.79672],
			"rotation": {"angle": 0, "axis": "y", "origin": [3, 7.5088, 7.79672]},
			"faces": {
				"north": {"uv": [0, 4, 2.5, 6], "texture": "#1"},
				"east": {"uv": [0, 0, 0, 2], "texture": "#1"},
				"south": {"uv": [2.5, 4, 5, 6], "texture": "#1"},
				"west": {"uv": [0, 0, 0, 2], "texture": "#1"},
				"up": {"uv": [2.5, 0, 0, 0], "texture": "#1"},
				"down": {"uv": [2.5, 0, 0, 0], "texture": "#1"}
			}
		},
		{
			"from": [3, 0.9088, 4.89672],
			"to": [13, 2.9088, 6.89672],
			"rotation": {"angle": 22.5, "axis": "x", "origin": [3, 0.9088, 4.89672]},
			"faces": {
				"north": {"uv": [2.5, 6, 5, 6.5], "texture": "#1"},
				"east": {"uv": [7.5, 3, 8, 3.5], "texture": "#1"},
				"south": {"uv": [5, 6, 7.5, 6.5], "texture": "#1"},
				"west": {"uv": [7.5, 3.5, 8, 4], "texture": "#1"},
				"up": {"uv": [5, 7, 2.5, 6.5], "texture": "#1"},
				"down": {"uv": [7.5, 6.5, 5, 7], "texture": "#1"}
			}
		},
		{
			"from": [2.25, 1.1588, 5.14672],
			"to": [13.75, 2.6588, 6.64672],
			"rotation": {"angle": 22.5, "axis": "x", "origin": [3, 0.9088, 4.89672]},
			"faces": {
				"north": {"uv": [5, 7, 7.875, 7.375], "texture": "#1"},
				"east": {"uv": [7.5, 5, 7.875, 5.375], "texture": "#1"},
				"south": {"uv": [7.5, 0, 10.375, 0.375], "texture": "#1"},
				"west": {"uv": [5.5, 7.5, 5.875, 7.875], "texture": "#1"},
				"up": {"uv": [10.375, 0.875, 7.5, 0.5], "texture": "#1"},
				"down": {"uv": [10.375, 1, 7.5, 1.375], "texture": "#1"}
			}
		},
		{
			"from": [3, 13.55, 7.85328],
			"to": [13, 15.55, 9.85328],
			"rotation": {"angle": 0, "axis": "y", "origin": [8, 14.55, 8.85328]},
			"faces": {
				"north": {"uv": [2.5, 6, 5, 6.5], "texture": "#1"},
				"east": {"uv": [7.5, 4, 8, 4.5], "texture": "#1"},
				"south": {"uv": [2.5, 7, 5, 7.5], "texture": "#1"},
				"west": {"uv": [7.5, 4.5, 8, 5], "texture": "#1"},
				"up": {"uv": [5, 7, 2.5, 6.5], "texture": "#1"},
				"down": {"uv": [7.5, 6.5, 5, 7], "texture": "#1"}
			}
		},
		{
			"from": [2.25, 13.8, 8.10328],
			"to": [13.75, 15.3, 9.60328],
			"rotation": {"angle": 0, "axis": "y", "origin": [8, 14.55, 8.85328]},
			"faces": {
				"north": {"uv": [7.5, 1.5, 10.375, 1.875], "texture": "#1"},
				"east": {"uv": [7.5, 5.5, 7.875, 5.875], "texture": "#1"},
				"south": {"uv": [7.5, 2, 10.375, 2.375], "texture": "#1"},
				"west": {"uv": [6, 7.5, 6.375, 7.875], "texture": "#1"},
				"up": {"uv": [5.375, 7.875, 2.5, 7.5], "texture": "#1"},
				"down": {"uv": [10.375, 2.5, 7.5, 2.875], "texture": "#1"}
			}
		},
		{
			"from": [3, -0.0112, 8.24672],
			"to": [13, 7.9888, 8.24672],
			"rotation": {"angle": 22.5, "axis": "x", "origin": [8, 3.9088, 8.19672]},
			"faces": {
				"north": {"uv": [5, 0, 7.5, 2], "texture": "#1"},
				"east": {"uv": [0, 0, 0, 2], "texture": "#1"},
				"south": {"uv": [5, 2, 7.5, 4], "texture": "#1"},
				"west": {"uv": [0, 0, 0, 2], "texture": "#1"},
				"up": {"uv": [2.5, 0, 0, 0], "texture": "#1"},
				"down": {"uv": [2.5, 0, 0, 0], "texture": "#1"}
			}
		},
		{
			"from": [3, 7.5088, 9.69672],
			"to": [13, 15.5088, 9.69672],
			"rotation": {"angle": 0, "axis": "y", "origin": [3, 7.5088, 7.69672]},
			"faces": {
				"north": {"uv": [0, 0, 2.5, 2], "texture": "#1"},
				"east": {"uv": [0, 0, 0, 2], "texture": "#1"},
				"south": {"uv": [5, 4, 7.5, 6], "texture": "#1"},
				"west": {"uv": [0, 0, 0, 2], "texture": "#1"},
				"up": {"uv": [2.5, 0, 0, 0], "texture": "#1"},
				"down": {"uv": [2.5, 0, 0, 0], "texture": "#1"}
			}
		},
		{
			"from": [3, -0.0112, 8.44672],
			"to": [13, 7.9888, 8.44672],
			"rotation": {"angle": 22.5, "axis": "x", "origin": [8, 3.9088, 8.39672]},
			"faces": {
				"north": {"uv": [5, 0, 7.5, 0], "texture": "#1"},
				"east": {"uv": [0, 0, 0, 2], "texture": "#1"},
				"south": {"uv": [0, 6, 2.5, 8], "texture": "#1"},
				"west": {"uv": [0, 0, 0, 2], "texture": "#1"},
				"up": {"uv": [2.5, 0, 0, 0], "texture": "#1"},
				"down": {"uv": [2.5, 0, 0, 0], "texture": "#1"}
			}
		},
		{
			"from": [3, 7.5088, 9.89672],
			"to": [13, 15.5088, 9.89672],
			"rotation": {"angle": 0, "axis": "y", "origin": [3, 7.5088, 7.89672]},
			"faces": {
				"north": {"uv": [0, 0, 2.5, 0], "texture": "#1"},
				"east": {"uv": [0, 0, 0, 2], "texture": "#1"},
				"south": {"uv": [0, 8, 2.5, 10], "texture": "#1"},
				"west": {"uv": [0, 0, 0, 2], "texture": "#1"},
				"up": {"uv": [2.5, 0, 0, 0], "texture": "#1"},
				"down": {"uv": [2.5, 0, 0, 0], "texture": "#1"}
			}
		},
		{
			"from": [1.75, 0.85, 4.75],
			"to": [2.25, 2.85, 6.75],
			"rotation": {"angle": 22.5, "axis": "x", "origin": [0.25, 0.6, 5]},
			"faces": {
				"north": {"uv": [0, 2, 0.125, 2.5], "texture": "#1"},
				"east": {"uv": [0.625, 2, 0.125, 2.5], "texture": "#1"},
				"south": {"uv": [0, 2, 0.125, 2.5], "texture": "#1"},
				"west": {"uv": [0.125, 2, 0.625, 2.5], "texture": "#1"},
				"up": {"uv": [0, 2, 0.125, 2.5], "texture": "#1"},
				"down": {"uv": [0, 2.5, 0.125, 2], "texture": "#1"}
			}
		},
		{
			"from": [13.75, 0.85, 4.75],
			"to": [14.25, 2.85, 6.75],
			"rotation": {"angle": 22.5, "axis": "x", "origin": [12.25, 0.6, 5]},
			"faces": {
				"north": {"uv": [0, 2, 0.125, 2.5], "texture": "#1"},
				"east": {"uv": [0.625, 2, 0.125, 2.5], "texture": "#1"},
				"south": {"uv": [0, 2, 0.125, 2.5], "texture": "#1"},
				"west": {"uv": [0.125, 2, 0.625, 2.5], "texture": "#1"},
				"up": {"uv": [0, 2, 0.125, 2.5], "texture": "#1"},
				"down": {"uv": [0, 2.5, 0.125, 2], "texture": "#1"}
			}
		},
		{
			"from": [13.75, 13.6, 7.75],
			"to": [14.25, 15.6, 9.75],
			"rotation": {"angle": 0, "axis": "x", "origin": [12.25, 13.35, 8]},
			"faces": {
				"north": {"uv": [0, 2, 0.125, 2.5], "texture": "#1"},
				"east": {"uv": [0.625, 2, 0.125, 2.5], "texture": "#1"},
				"south": {"uv": [0, 2, 0.125, 2.5], "texture": "#1"},
				"west": {"uv": [0.125, 2, 0.625, 2.5], "texture": "#1"},
				"up": {"uv": [0, 2, 0.125, 2.5], "texture": "#1"},
				"down": {"uv": [0, 2.5, 0.125, 2], "texture": "#1"}
			}
		},
		{
			"from": [1.75, 13.6, 7.75],
			"to": [2.25, 15.6, 9.75],
			"rotation": {"angle": 0, "axis": "x", "origin": [0.25, 13.35, 8]},
			"faces": {
				"north": {"uv": [0, 2, 0.125, 2.5], "texture": "#1"},
				"east": {"uv": [0.625, 2, 0.125, 2.5], "texture": "#1"},
				"south": {"uv": [0, 2, 0.125, 2.5], "texture": "#1"},
				"west": {"uv": [0.125, 2, 0.625, 2.5], "texture": "#1"},
				"up": {"uv": [0, 2, 0.125, 2.5], "texture": "#1"},
				"down": {"uv": [0, 2.5, 0.125, 2], "texture": "#1"}
			}
		}
	],
	"display": {
		"thirdperson_righthand": {
			"rotation": [47.38, -79.19, -38.13],
			"translation": [0, -2.25, -4],
			"scale": [0.57422, 0.57422, 0.57422]
		},
		"thirdperson_lefthand": {
			"rotation": [47.38, -79.19, -38.13],
			"translation": [0, -2.25, -4],
			"scale": [0.57422, 0.57422, 0.57422]
		},
		"firstperson_righthand": {
			"rotation": [-12, 180, 0],
			"translation": [5.75, -1.25, -1],
			"scale": [0.57422, 0.57422, 0.57422]
		},
		"firstperson_lefthand": {
			"rotation": [-12, 180, 0],
			"translation": [5.75, -1.25, -1],
			"scale": [0.57422, 0.57422, 0.57422]
		},
		"gui": {
			"rotation": [0, 180, 0]
		},
		"head": {
			"translation": [0, 0, -8.75]
		},
		"fixed": {
			"translation": [0, 0.5, -1.5]
		}
	}
}